num_islands,base_seed,island_id,population_mode,pop_per_island,best_fitness,generations,status,solved,config_best_fitness,config_solved,wall_clock_seconds,topology
1,1,0,fixed_total,3200,0.2773497688751926,99,Max Generations Reached,False,0.2773497688751926,False,27.42,ring
1,2,0,fixed_total,3200,0.30664395229982966,99,Max Generations Reached,False,0.30664395229982966,False,25.66,ring
1,3,0,fixed_total,3200,0.5042016806722689,99,Max Generations Reached,False,0.5042016806722689,False,25.67,ring
1,4,0,fixed_total,3200,0.32,99,Max Generations Reached,False,0.32,False,26.51,ring
1,5,0,fixed_total,3200,0.3342618384401115,99,Max Generations Reached,False,0.3342618384401115,False,25.44,ring
1,67,0,fixed_total,3200,0.2287166454891995,99,Max Generations Reached,False,0.2287166454891995,False,26.56,ring
1,76,0,fixed_total,3200,0.31386224934612034,99,Max Generations Reached,False,0.31386224934612034,False,25.89,ring
1,8,0,fixed_total,3200,0.2805923616523772,99,Max Generations Reached,False,0.2805923616523772,False,25.43,ring
1,9,0,fixed_total,3200,0.3160667251975417,99,Max Generations Reached,False,0.3160667251975417,False,27.47,ring
1,10,0,fixed_total,3200,0.280811232449298,99,Max Generations Reached,False,0.280811232449298,False,25.29,ring
1,11,0,fixed_total,3200,0.293398533007335,99,Max Generations Reached,False,0.293398533007335,False,27.06,ring
1,12,0,fixed_total,3200,0.2924451665312754,99,Max Generations Reached,False,0.2924451665312754,False,25.71,ring
1,13,0,fixed_total,3200,0.4591836734693878,99,Max Generations Reached,False,0.4591836734693878,False,25.86,ring
1,14,0,fixed_total,3200,0.28125,99,Max Generations Reached,False,0.28125,False,27.33,ring
1,15,0,fixed_total,3200,0.2660753880266075,99,Max Generations Reached,False,0.2660753880266075,False,25.26,ring
1,16,0,fixed_total,3200,0.43795620437956206,99,Max Generations Reached,False,0.43795620437956206,False,27.21,ring
1,17,0,fixed_total,3200,0.3043110735418427,99,Max Generations Reached,False,0.3043110735418427,False,25.9,ring
1,18,0,fixed_total,3200,0.4013377926421405,99,Max Generations Reached,False,0.4013377926421405,False,26.3,ring
1,19,0,fixed_total,3200,0.2931596091205212,99,Max Generations Reached,False,0.2931596091205212,False,26.81,ring
1,20,0,fixed_total,3200,0.31304347826086953,99,Max Generations Reached,False,0.31304347826086953,False,26.05,ring
4,1,0,fixed_total,800,0.21569802276812464,99,Max Generations Reached,False,0.2980132450331126,False,99.78,ring
4,1,1,fixed_total,800,0.23936170212765956,99,Max Generations Reached,False,0.2980132450331126,False,99.78,ring
4,1,2,fixed_total,800,0.2698650674662669,99,Max Generations Reached,False,0.2980132450331126,False,99.78,ring
4,1,3,fixed_total,800,0.2980132450331126,99,Max Generations Reached,False,0.2980132450331126,False,99.78,ring
4,2,0,fixed_total,800,0.23047375160051214,99,Max Generations Reached,False,0.3133159268929504,False,99.11,ring
4,2,1,fixed_total,800,0.2698650674662669,99,Max Generations Reached,False,0.3133159268929504,False,99.11,ring
4,2,2,fixed_total,800,0.3133159268929504,99,Max Generations Reached,False,0.3133159268929504,False,99.11,ring
4,2,3,fixed_total,800,0.22698612862547288,99,Max Generations Reached,False,0.3133159268929504,False,99.11,ring
4,3,0,fixed_total,800,0.2191113816189897,99,Max Generations Reached,False,0.2980132450331126,False,100.44,ring
4,3,1,fixed_total,800,0.2980132450331126,99,Max Generations Reached,False,0.2980132450331126,False,100.44,ring
4,3,2,fixed_total,800,0.2684563758389262,99,Max Generations Reached,False,0.2980132450331126,False,100.44,ring
4,3,3,fixed_total,800,0.21951219512195122,99,Max Generations Reached,False,0.2980132450331126,False,100.44,ring
4,4,0,fixed_total,800,0.2995008319467554,99,Max Generations Reached,False,0.3380281690140845,False,102.73,ring
4,4,1,fixed_total,800,0.20869565217391306,99,Max Generations Reached,False,0.3380281690140845,False,102.73,ring
4,4,2,fixed_total,800,0.2674591381872214,99,Max Generations Reached,False,0.3380281690140845,False,102.73,ring
4,4,3,fixed_total,800,0.3380281690140845,99,Max Generations Reached,False,0.3380281690140845,False,102.73,ring
4,5,0,fixed_total,800,0.19118428040361127,99,Max Generations Reached,False,0.38834951456310685,False,100.58,ring
4,5,1,fixed_total,800,0.2737642585551331,99,Max Generations Reached,False,0.38834951456310685,False,100.58,ring
4,5,2,fixed_total,800,0.38834951456310685,99,Max Generations Reached,False,0.38834951456310685,False,100.58,ring
4,5,3,fixed_total,800,0.26373626373626374,99,Max Generations Reached,False,0.38834951456310685,False,100.58,ring
4,67,0,fixed_total,800,0.23346303501945526,99,Max Generations Reached,False,0.3146853146853147,False,99.47,ring
4,67,1,fixed_total,800,0.28125,99,Max Generations Reached,False,0.3146853146853147,False,99.47,ring
4,67,2,fixed_total,800,0.2512212142358688,99,Max Generations Reached,False,0.3146853146853147,False,99.47,ring
4,67,3,fixed_total,800,0.3146853146853147,99,Max Generations Reached,False,0.3146853146853147,False,99.47,ring
4,76,0,fixed_total,800,0.31386224934612034,99,Max Generations Reached,False,0.31386224934612034,False,100.36,ring
4,76,1,fixed_total,800,0.27906976744186046,99,Max Generations Reached,False,0.31386224934612034,False,100.36,ring
4,76,2,fixed_total,800,0.2150537634408602,99,Max Generations Reached,False,0.31386224934612034,False,100.36,ring
4,76,3,fixed_total,800,0.2501737317581654,99,Max Generations Reached,False,0.31386224934612034,False,100.36,ring
4,8,0,fixed_total,800,0.25210084033613445,99,Max Generations Reached,False,0.3098106712564544,False,102.68,ring
4,8,1,fixed_total,800,0.3098106712564544,99,Max Generations Reached,False,0.3098106712564544,False,102.68,ring
4,8,2,fixed_total,800,0.24861878453038674,99,Max Generations Reached,False,0.3098106712564544,False,102.68,ring
4,8,3,fixed_total,800,0.2328589909443726,99,Max Generations Reached,False,0.3098106712564544,False,102.68,ring
4,9,0,fixed_total,800,0.3098106712564544,99,Max Generations Reached,False,0.3098106712564544,False,101.38,ring
4,9,1,fixed_total,800,0.24861878453038674,99,Max Generations Reached,False,0.3098106712564544,False,101.38,ring
4,9,2,fixed_total,800,0.23731048121292025,99,Max Generations Reached,False,0.3098106712564544,False,101.38,ring
4,9,3,fixed_total,800,0.25806451612903225,99,Max Generations Reached,False,0.3098106712564544,False,101.38,ring
4,10,0,fixed_total,800,0.24861878453038674,99,Max Generations Reached,False,0.28037383177570097,False,100.97,ring
4,10,1,fixed_total,800,0.26392961876832843,99,Max Generations Reached,False,0.28037383177570097,False,100.97,ring
4,10,2,fixed_total,800,0.24291497975708498,99,Max Generations Reached,False,0.28037383177570097,False,100.97,ring
4,10,3,fixed_total,800,0.28037383177570097,99,Max Generations Reached,False,0.28037383177570097,False,100.97,ring
4,11,0,fixed_total,800,0.2262727844123193,99,Max Generations Reached,False,0.24948024948024952,False,98.75,ring
4,11,1,fixed_total,800,0.24948024948024952,99,Max Generations Reached,False,0.24948024948024952,False,98.75,ring
4,11,2,fixed_total,800,0.21238938053097342,99,Max Generations Reached,False,0.24948024948024952,False,98.75,ring
4,11,3,fixed_total,800,0.19027484143763213,99,Max Generations Reached,False,0.24948024948024952,False,98.75,ring
4,12,0,fixed_total,800,0.2469135802469136,99,Max Generations Reached,False,0.3228699551569507,False,100.14,ring
4,12,1,fixed_total,800,0.3228699551569507,99,Max Generations Reached,False,0.3228699551569507,False,100.14,ring
4,12,2,fixed_total,800,0.2764976958525346,99,Max Generations Reached,False,0.3228699551569507,False,100.14,ring
4,12,3,fixed_total,800,0.3138622493461203,99,Max Generations Reached,False,0.3228699551569507,False,100.14,ring
4,13,0,fixed_total,800,0.2610587382160986,99,Max Generations Reached,False,0.33271719038817005,False,97.27,ring
4,13,1,fixed_total,800,0.30954428202923473,99,Max Generations Reached,False,0.33271719038817005,False,97.27,ring
4,13,2,fixed_total,800,0.26529108327192336,99,Max Generations Reached,False,0.33271719038817005,False,97.27,ring
4,13,3,fixed_total,800,0.33271719038817005,99,Max Generations Reached,False,0.33271719038817005,False,97.27,ring
4,14,0,fixed_total,800,0.2533427163969036,99,Max Generations Reached,False,0.40089086859688194,False,95.68,ring
4,14,1,fixed_total,800,0.26529108327192336,99,Max Generations Reached,False,0.40089086859688194,False,95.68,ring
4,14,2,fixed_total,800,0.33271719038817005,99,Max Generations Reached,False,0.40089086859688194,False,95.68,ring
4,14,3,fixed_total,800,0.40089086859688194,99,Max Generations Reached,False,0.40089086859688194,False,95.68,ring
4,15,0,fixed_total,800,0.1900739176346357,99,Max Generations Reached,False,0.40089086859688194,False,98.76,ring
4,15,1,fixed_total,800,0.25017373175816543,99,Max Generations Reached,False,0.40089086859688194,False,98.76,ring
4,15,2,fixed_total,800,0.40089086859688194,99,Max Generations Reached,False,0.40089086859688194,False,98.76,ring
4,15,3,fixed_total,800,0.24913494809688586,99,Max Generations Reached,False,0.40089086859688194,False,98.76,ring
4,16,0,fixed_total,800,0.20869565217391303,99,Max Generations Reached,False,0.30874785591766724,False,97.37,ring
4,16,1,fixed_total,800,0.30874785591766724,99,Max Generations Reached,False,0.30874785591766724,False,97.37,ring
4,16,2,fixed_total,800,0.2491349480968858,99,Max Generations Reached,False,0.30874785591766724,False,97.37,ring
4,16,3,fixed_total,800,0.2924451665312754,99,Max Generations Reached,False,0.30874785591766724,False,97.37,ring
4,17,0,fixed_total,800,0.24844720496894407,99,Max Generations Reached,False,0.2491349480968858,False,99.02,ring
4,17,1,fixed_total,800,0.2491349480968858,99,Max Generations Reached,False,0.2491349480968858,False,99.02,ring
4,17,2,fixed_total,800,0.24657534246575344,99,Max Generations Reached,False,0.2491349480968858,False,99.02,ring
4,17,3,fixed_total,800,0.24373730534867974,99,Max Generations Reached,False,0.2491349480968858,False,99.02,ring
4,18,0,fixed_total,800,0.2491349480968858,99,Max Generations Reached,False,0.2649006622516556,False,97.61,ring
4,18,1,fixed_total,800,0.2575107296137339,99,Max Generations Reached,False,0.2649006622516556,False,97.61,ring
4,18,2,fixed_total,800,0.2649006622516556,99,Max Generations Reached,False,0.2649006622516556,False,97.61,ring
4,18,3,fixed_total,800,0.24623803009575926,99,Max Generations Reached,False,0.2649006622516556,False,97.61,ring
4,19,0,fixed_total,800,0.3333333333333333,99,Max Generations Reached,False,0.3333333333333333,False,98.77,ring
4,19,1,fixed_total,800,0.2850356294536817,99,Max Generations Reached,False,0.3333333333333333,False,98.77,ring
4,19,2,fixed_total,800,0.27439024390243905,99,Max Generations Reached,False,0.3333333333333333,False,98.77,ring
4,19,3,fixed_total,800,0.31718061674008813,99,Max Generations Reached,False,0.3333333333333333,False,98.77,ring
4,20,0,fixed_total,800,0.25,99,Max Generations Reached,False,0.390032502708559,False,97.89,ring
4,20,1,fixed_total,800,0.25405786873676783,99,Max Generations Reached,False,0.390032502708559,False,97.89,ring
4,20,2,fixed_total,800,0.22031823745410037,99,Max Generations Reached,False,0.390032502708559,False,97.89,ring
4,20,3,fixed_total,800,0.390032502708559,99,Max Generations Reached,False,0.390032502708559,False,97.89,ring
8,1,0,fixed_total,400,0.26392961876832843,99,Max Generations Reached,False,0.26412325752017607,False,97.2,ring
8,1,1,fixed_total,400,0.2031602708803612,99,Max Generations Reached,False,0.26412325752017607,False,97.2,ring
8,1,2,fixed_total,400,0.26412325752017607,99,Max Generations Reached,False,0.26412325752017607,False,97.2,ring
8,1,3,fixed_total,400,0.20501138952164008,99,Max Generations Reached,False,0.26412325752017607,False,97.2,ring
8,1,4,fixed_total,400,0.24793388429752067,99,Max Generations Reached,False,0.26412325752017607,False,97.2,ring
8,1,5,fixed_total,400,0.2044293015332198,99,Max Generations Reached,False,0.26412325752017607,False,97.2,ring
8,1,6,fixed_total,400,0.2610587382160986,99,Max Generations Reached,False,0.26412325752017607,False,97.2,ring
8,1,7,fixed_total,400,0.2569593147751606,99,Max Generations Reached,False,0.26412325752017607,False,97.2,ring
8,2,0,fixed_total,400,0.24606971975393033,99,Max Generations Reached,False,0.33676333021515437,False,94.24,ring
8,2,1,fixed_total,400,0.23003194888178913,99,Max Generations Reached,False,0.33676333021515437,False,94.24,ring
8,2,2,fixed_total,400,0.2861685214626391,99,Max Generations Reached,False,0.33676333021515437,False,94.24,ring
8,2,3,fixed_total,400,0.277992277992278,99,Max Generations Reached,False,0.33676333021515437,False,94.24,ring
8,2,4,fixed_total,400,0.2284263959390863,99,Max Generations Reached,False,0.33676333021515437,False,94.24,ring
8,2,5,fixed_total,400,0.2848101265822785,99,Max Generations Reached,False,0.33676333021515437,False,94.24,ring
8,2,6,fixed_total,400,0.2712886209495102,99,Max Generations Reached,False,0.33676333021515437,False,94.24,ring
8,2,7,fixed_total,400,0.33676333021515437,99,Max Generations Reached,False,0.33676333021515437,False,94.24,ring
8,3,0,fixed_total,400,0.21660649819494582,99,Max Generations Reached,False,0.32697547683923706,False,92.55,ring
8,3,1,fixed_total,400,0.22153846153846152,99,Max Generations Reached,False,0.32697547683923706,False,92.55,ring
8,3,2,fixed_total,400,0.31523642732049034,99,Max Generations Reached,False,0.32697547683923706,False,92.55,ring
8,3,3,fixed_total,400,0.18643190056965303,99,Max Generations Reached,False,0.32697547683923706,False,92.55,ring
8,3,4,fixed_total,400,0.2610587382160986,99,Max Generations Reached,False,0.32697547683923706,False,92.55,ring
8,3,5,fixed_total,400,0.32697547683923706,99,Max Generations Reached,False,0.32697547683923706,False,92.55,ring
8,3,6,fixed_total,400,0.23809523809523808,99,Max Generations Reached,False,0.32697547683923706,False,92.55,ring
8,3,7,fixed_total,400,0.22004889975550124,99,Max Generations Reached,False,0.32697547683923706,False,92.55,ring
8,4,0,fixed_total,400,0.20524515393386544,99,Max Generations Reached,False,0.31331592689295035,False,93.51,ring
8,4,1,fixed_total,400,0.31331592689295035,99,Max Generations Reached,False,0.31331592689295035,False,93.51,ring
8,4,2,fixed_total,400,0.29605263157894735,99,Max Generations Reached,False,0.31331592689295035,False,93.51,ring
8,4,3,fixed_total,400,0.2610587382160986,99,Max Generations Reached,False,0.31331592689295035,False,93.51,ring
8,4,4,fixed_total,400,0.21660649819494582,99,Max Generations Reached,False,0.31331592689295035,False,93.51,ring
8,4,5,fixed_total,400,0.1983471074380165,99,Max Generations Reached,False,0.31331592689295035,False,93.51,ring
8,4,6,fixed_total,400,0.22584692597239653,99,Max Generations Reached,False,0.31331592689295035,False,93.51,ring
8,4,7,fixed_total,400,0.2544169611307421,99,Max Generations Reached,False,0.31331592689295035,False,93.51,ring
8,5,0,fixed_total,400,0.2469135802469136,99,Max Generations Reached,False,0.27210884353741494,False,94.86,ring
8,5,1,fixed_total,400,0.18643190056965303,99,Max Generations Reached,False,0.27210884353741494,False,94.86,ring
8,5,2,fixed_total,400,0.2660753880266075,99,Max Generations Reached,False,0.27210884353741494,False,94.86,ring
8,5,3,fixed_total,400,0.231809401159047,99,Max Generations Reached,False,0.27210884353741494,False,94.86,ring
8,5,4,fixed_total,400,0.20145495243424733,99,Max Generations Reached,False,0.27210884353741494,False,94.86,ring
8,5,5,fixed_total,400,0.20454545454545456,99,Max Generations Reached,False,0.27210884353741494,False,94.86,ring
8,5,6,fixed_total,400,0.2544169611307421,99,Max Generations Reached,False,0.27210884353741494,False,94.86,ring
8,5,7,fixed_total,400,0.27210884353741494,99,Max Generations Reached,False,0.27210884353741494,False,94.86,ring
8,67,0,fixed_total,400,0.1983471074380165,99,Max Generations Reached,False,0.43956043956043955,False,92.36,ring
8,67,1,fixed_total,400,0.27950310559006214,99,Max Generations Reached,False,0.43956043956043955,False,92.36,ring
8,67,2,fixed_total,400,0.43956043956043955,99,Max Generations Reached,False,0.43956043956043955,False,92.36,ring
8,67,3,fixed_total,400,0.26865671641791045,99,Max Generations Reached,False,0.43956043956043955,False,92.36,ring
8,67,4,fixed_total,400,0.24064171122994657,99,Max Generations Reached,False,0.43956043956043955,False,92.36,ring
8,67,5,fixed_total,400,0.23225806451612904,99,Max Generations Reached,False,0.43956043956043955,False,92.36,ring
8,67,6,fixed_total,400,0.37151702786377705,99,Max Generations Reached,False,0.43956043956043955,False,92.36,ring
8,67,7,fixed_total,400,0.21804966686856453,99,Max Generations Reached,False,0.43956043956043955,False,92.36,ring
8,76,0,fixed_total,400,0.16838166510757718,99,Max Generations Reached,False,0.32171581769436997,False,93.42,ring
8,76,1,fixed_total,400,0.2467443454420836,99,Max Generations Reached,False,0.32171581769436997,False,93.42,ring
8,76,2,fixed_total,400,0.19845644983461963,99,Max Generations Reached,False,0.32171581769436997,False,93.42,ring
8,76,3,fixed_total,400,0.19417475728155342,99,Max Generations Reached,False,0.32171581769436997,False,93.42,ring
8,76,4,fixed_total,400,0.32171581769436997,99,Max Generations Reached,False,0.32171581769436997,False,93.42,ring
8,76,5,fixed_total,400,0.24776324845147968,99,Max Generations Reached,False,0.32171581769436997,False,93.42,ring
8,76,6,fixed_total,400,0.282574568288854,99,Max Generations Reached,False,0.32171581769436997,False,93.42,ring
8,76,7,fixed_total,400,0.23498694516971286,99,Max Generations Reached,False,0.32171581769436997,False,93.42,ring
8,8,0,fixed_total,400,0.3525954946131244,99,Max Generations Reached,False,0.3525954946131244,False,94.19,ring
8,8,1,fixed_total,400,0.17777777777777778,99,Max Generations Reached,False,0.3525954946131244,False,94.19,ring
8,8,2,fixed_total,400,0.2595529920692142,99,Max Generations Reached,False,0.3525954946131244,False,94.19,ring
8,8,3,fixed_total,400,0.2544169611307421,99,Max Generations Reached,False,0.3525954946131244,False,94.19,ring
8,8,4,fixed_total,400,0.27210884353741494,99,Max Generations Reached,False,0.3525954946131244,False,94.19,ring
8,8,5,fixed_total,400,0.25824964131994266,99,Max Generations Reached,False,0.3525954946131244,False,94.19,ring
8,8,6,fixed_total,400,0.21543985637342908,99,Max Generations Reached,False,0.3525954946131244,False,94.19,ring
8,8,7,fixed_total,400,0.282574568288854,99,Max Generations Reached,False,0.3525954946131244,False,94.19,ring
8,9,0,fixed_total,400,0.19282271023031602,99,Max Generations Reached,False,0.3908794788273615,False,93.08,ring
8,9,1,fixed_total,400,0.23032629558541265,99,Max Generations Reached,False,0.3908794788273615,False,93.08,ring
8,9,2,fixed_total,400,0.3908794788273615,99,Max Generations Reached,False,0.3908794788273615,False,93.08,ring
8,9,3,fixed_total,400,0.27210884353741494,99,Max Generations Reached,False,0.3908794788273615,False,93.08,ring
8,9,4,fixed_total,400,0.25824964131994266,99,Max Generations Reached,False,0.3908794788273615,False,93.08,ring
8,9,5,fixed_total,400,0.224159402241594,99,Max Generations Reached,False,0.3908794788273615,False,93.08,ring
8,9,6,fixed_total,400,0.282574568288854,99,Max Generations Reached,False,0.3908794788273615,False,93.08,ring
8,9,7,fixed_total,400,0.26143790849673204,99,Max Generations Reached,False,0.3908794788273615,False,93.08,ring
8,10,0,fixed_total,400,0.24128686327077745,99,Max Generations Reached,False,0.32786885245901637,False,94.86,ring
8,10,1,fixed_total,400,0.2385685884691849,99,Max Generations Reached,False,0.32786885245901637,False,94.86,ring
8,10,2,fixed_total,400,0.27210884353741494,99,Max Generations Reached,False,0.32786885245901637,False,94.86,ring
8,10,3,fixed_total,400,0.32786885245901637,99,Max Generations Reached,False,0.32786885245901637,False,94.86,ring
8,10,4,fixed_total,400,0.21543985637342908,99,Max Generations Reached,False,0.32786885245901637,False,94.86,ring
8,10,5,fixed_total,400,0.282574568288854,99,Max Generations Reached,False,0.32786885245901637,False,94.86,ring
8,10,6,fixed_total,400,0.26200873362445415,99,Max Generations Reached,False,0.32786885245901637,False,94.86,ring
8,10,7,fixed_total,400,0.2501737317581654,99,Max Generations Reached,False,0.32786885245901637,False,94.86,ring
8,11,0,fixed_total,400,0.23361453601557433,99,Max Generations Reached,False,0.32936870997255263,False,96.47,ring
8,11,1,fixed_total,400,0.27210884353741494,99,Max Generations Reached,False,0.32936870997255263,False,96.47,ring
8,11,2,fixed_total,400,0.2575107296137339,99,Max Generations Reached,False,0.32936870997255263,False,96.47,ring
8,11,3,fixed_total,400,0.2315112540192926,99,Max Generations Reached,False,0.32936870997255263,False,96.47,ring
8,11,4,fixed_total,400,0.282574568288854,99,Max Generations Reached,False,0.32936870997255263,False,96.47,ring
8,11,5,fixed_total,400,0.26143790849673204,99,Max Generations Reached,False,0.32936870997255263,False,96.47,ring
8,11,6,fixed_total,400,0.2938775510204082,99,Max Generations Reached,False,0.32936870997255263,False,96.47,ring
8,11,7,fixed_total,400,0.32936870997255263,99,Max Generations Reached,False,0.32936870997255263,False,96.47,ring
8,12,0,fixed_total,400,0.3130434782608696,99,Max Generations Reached,False,0.3130434782608696,False,94.31,ring
8,12,1,fixed_total,400,0.21003500583430573,99,Max Generations Reached,False,0.3130434782608696,False,94.31,ring
8,12,2,fixed_total,400,0.21543985637342908,99,Max Generations Reached,False,0.3130434782608696,False,94.31,ring
8,12,3,fixed_total,400,0.282574568288854,99,Max Generations Reached,False,0.3130434782608696,False,94.31,ring
8,12,4,fixed_total,400,0.24606971975393027,99,Max Generations Reached,False,0.3130434782608696,False,94.31,ring
8,12,5,fixed_total,400,0.2191113816189897,99,Max Generations Reached,False,0.3130434782608696,False,94.31,ring
8,12,6,fixed_total,400,0.24606971975393033,99,Max Generations Reached,False,0.3130434782608696,False,94.31,ring
8,12,7,fixed_total,400,0.22670025188916876,99,Max Generations Reached,False,0.3130434782608696,False,94.31,ring
8,13,0,fixed_total,400,0.23391812865497075,99,Max Generations Reached,False,0.32936870997255263,False,95.96,ring
8,13,1,fixed_total,400,0.19933554817275748,99,Max Generations Reached,False,0.32936870997255263,False,95.96,ring
8,13,2,fixed_total,400,0.316622691292876,99,Max Generations Reached,False,0.32936870997255263,False,95.96,ring
8,13,3,fixed_total,400,0.26143790849673204,99,Max Generations Reached,False,0.32936870997255263,False,95.96,ring
8,13,4,fixed_total,400,0.28869286287089013,99,Max Generations Reached,False,0.32936870997255263,False,95.96,ring
8,13,5,fixed_total,400,0.32936870997255263,99,Max Generations Reached,False,0.32936870997255263,False,95.96,ring
8,13,6,fixed_total,400,0.18877818563188256,99,Max Generations Reached,False,0.32936870997255263,False,95.96,ring
8,13,7,fixed_total,400,0.2735562310030395,99,Max Generations Reached,False,0.32936870997255263,False,95.96,ring
8,14,0,fixed_total,400,0.19169329073482427,99,Max Generations Reached,False,0.32936870997255263,False,94.46,ring
8,14,1,fixed_total,400,0.24096385542168672,99,Max Generations Reached,False,0.32936870997255263,False,94.46,ring
8,14,2,fixed_total,400,0.26143790849673204,99,Max Generations Reached,False,0.32936870997255263,False,94.46,ring
8,14,3,fixed_total,400,0.2191113816189897,99,Max Generations Reached,False,0.32936870997255263,False,94.46,ring
8,14,4,fixed_total,400,0.32936870997255263,99,Max Generations Reached,False,0.32936870997255263,False,94.46,ring
8,14,5,fixed_total,400,0.2053622361665716,99,Max Generations Reached,False,0.32936870997255263,False,94.46,ring
8,14,6,fixed_total,400,0.20122973728339852,99,Max Generations Reached,False,0.32936870997255263,False,94.46,ring
8,14,7,fixed_total,400,0.26490066225165565,99,Max Generations Reached,False,0.32936870997255263,False,94.46,ring
8,15,0,fixed_total,400,0.2562277580071174,99,Max Generations Reached,False,0.3488372093023256,False,92.59,ring
8,15,1,fixed_total,400,0.3076923076923077,99,Max Generations Reached,False,0.3488372093023256,False,92.59,ring
8,15,2,fixed_total,400,0.23210831721470018,99,Max Generations Reached,False,0.3488372093023256,False,92.59,ring
8,15,3,fixed_total,400,0.32936870997255263,99,Max Generations Reached,False,0.3488372093023256,False,92.59,ring
8,15,4,fixed_total,400,0.2741812642802742,99,Max Generations Reached,False,0.3488372093023256,False,92.59,ring
8,15,5,fixed_total,400,0.2735562310030395,99,Max Generations Reached,False,0.3488372093023256,False,92.59,ring
8,15,6,fixed_total,400,0.26490066225165565,99,Max Generations Reached,False,0.3488372093023256,False,92.59,ring
8,15,7,fixed_total,400,0.3488372093023256,99,Max Generations Reached,False,0.3488372093023256,False,92.59,ring
8,16,0,fixed_total,400,0.21415823914336704,99,Max Generations Reached,False,0.3488372093023256,False,93.82,ring
8,16,1,fixed_total,400,0.22915340547422025,99,Max Generations Reached,False,0.3488372093023256,False,93.82,ring
8,16,2,fixed_total,400,0.32936870997255263,99,Max Generations Reached,False,0.3488372093023256,False,93.82,ring
8,16,3,fixed_total,400,0.1895734597156398,99,Max Generations Reached,False,0.3488372093023256,False,93.82,ring
8,16,4,fixed_total,400,0.2735562310030395,99,Max Generations Reached,False,0.3488372093023256,False,93.82,ring
8,16,5,fixed_total,400,0.26490066225165565,99,Max Generations Reached,False,0.3488372093023256,False,93.82,ring
8,16,6,fixed_total,400,0.3488372093023256,99,Max Generations Reached,False,0.3488372093023256,False,93.82,ring
8,16,7,fixed_total,400,0.2604920405209841,99,Max Generations Reached,False,0.3488372093023256,False,93.82,ring
8,17,0,fixed_total,400,0.2191113816189897,99,Max Generations Reached,False,0.3488372093023256,False,93.54,ring
8,17,1,fixed_total,400,0.32936870997255263,99,Max Generations Reached,False,0.3488372093023256,False,93.54,ring
8,17,2,fixed_total,400,0.21531100478468898,99,Max Generations Reached,False,0.3488372093023256,False,93.54,ring
8,17,3,fixed_total,400,0.2735562310030395,99,Max Generations Reached,False,0.3488372093023256,False,93.54,ring
8,17,4,fixed_total,400,0.3202846975088968,99,Max Generations Reached,False,0.3488372093023256,False,93.54,ring
8,17,5,fixed_total,400,0.3488372093023256,99,Max Generations Reached,False,0.3488372093023256,False,93.54,ring
8,17,6,fixed_total,400,0.23684210526315788,99,Max Generations Reached,False,0.3488372093023256,False,93.54,ring
8,17,7,fixed_total,400,0.2192448233861145,99,Max Generations Reached,False,0.3488372093023256,False,93.54,ring
8,18,0,fixed_total,400,0.32936870997255263,99,Max Generations Reached,False,0.32936870997255263,False,93.27,ring
8,18,1,fixed_total,400,0.20942408376963348,99,Max Generations Reached,False,0.32936870997255263,False,93.27,ring
8,18,2,fixed_total,400,0.21479713603818615,99,Max Generations Reached,False,0.32936870997255263,False,93.27,ring
8,18,3,fixed_total,400,0.26490066225165565,99,Max Generations Reached,False,0.32936870997255263,False,93.27,ring
8,18,4,fixed_total,400,0.2797202797202797,99,Max Generations Reached,False,0.32936870997255263,False,93.27,ring
8,18,5,fixed_total,400,0.20466173962478681,99,Max Generations Reached,False,0.32936870997255263,False,93.27,ring
8,18,6,fixed_total,400,0.2192448233861145,99,Max Generations Reached,False,0.32936870997255263,False,93.27,ring
8,18,7,fixed_total,400,0.20559680182752713,99,Max Generations Reached,False,0.32936870997255263,False,93.27,ring
8,19,0,fixed_total,400,0.313588850174216,99,Max Generations Reached,False,0.313588850174216,False,95.66,ring
8,19,1,fixed_total,400,0.26925953627524307,99,Max Generations Reached,False,0.313588850174216,False,95.66,ring
8,19,2,fixed_total,400,0.26490066225165565,99,Max Generations Reached,False,0.313588850174216,False,95.66,ring
8,19,3,fixed_total,400,0.252986647926915,99,Max Generations Reached,False,0.313588850174216,False,95.66,ring
8,19,4,fixed_total,400,0.1846153846153846,99,Max Generations Reached,False,0.313588850174216,False,95.66,ring
8,19,5,fixed_total,400,0.2192448233861145,99,Max Generations Reached,False,0.313588850174216,False,95.66,ring
8,19,6,fixed_total,400,0.2061855670103093,99,Max Generations Reached,False,0.313588850174216,False,95.66,ring
8,19,7,fixed_total,400,0.192102454642476,99,Max Generations Reached,False,0.313588850174216,False,95.66,ring
8,20,0,fixed_total,400,0.17509727626459146,99,Max Generations Reached,False,0.2610587382160986,False,94.76,ring
8,20,1,fixed_total,400,0.2610587382160986,99,Max Generations Reached,False,0.2610587382160986,False,94.76,ring
8,20,2,fixed_total,400,0.2356020942408377,99,Max Generations Reached,False,0.2610587382160986,False,94.76,ring
8,20,3,fixed_total,400,0.23762376237623759,99,Max Generations Reached,False,0.2610587382160986,False,94.76,ring
8,20,4,fixed_total,400,0.2192448233861145,99,Max Generations Reached,False,0.2610587382160986,False,94.76,ring
8,20,5,fixed_total,400,0.18977332630469163,99,Max Generations Reached,False,0.2610587382160986,False,94.76,ring
8,20,6,fixed_total,400,0.1893740136770121,99,Max Generations Reached,False,0.2610587382160986,False,94.76,ring
8,20,7,fixed_total,400,0.20134228187919462,99,Max Generations Reached,False,0.2610587382160986,False,94.76,ring
16,1,0,fixed_total,200,0.2175226586102719,99,Max Generations Reached,False,0.27842227378190254,False,92.8,ring
16,1,1,fixed_total,200,0.18357980622131564,99,Max Generations Reached,False,0.27842227378190254,False,92.8,ring
16,1,2,fixed_total,200,0.18759770713913496,99,Max Generations Reached,False,0.27842227378190254,False,92.8,ring
16,1,3,fixed_total,200,0.18917498686284812,99,Max Generations Reached,False,0.27842227378190254,False,92.8,ring
16,1,4,fixed_total,200,0.2043132803632236,99,Max Generations Reached,False,0.27842227378190254,False,92.8,ring
16,1,5,fixed_total,200,0.20236087689713322,99,Max Generations Reached,False,0.27842227378190254,False,92.8,ring
16,1,6,fixed_total,200,0.24032042723631508,99,Max Generations Reached,False,0.27842227378190254,False,92.8,ring
16,1,7,fixed_total,200,0.25459688826025456,99,Max Generations Reached,False,0.27842227378190254,False,92.8,ring
16,1,8,fixed_total,200,0.18018018018018023,99,Max Generations Reached,False,0.27842227378190254,False,92.8,ring
16,1,9,fixed_total,200,0.27842227378190254,99,Max Generations Reached,False,0.27842227378190254,False,92.8,ring
16,1,10,fixed_total,200,0.17751479289940827,99,Max Generations Reached,False,0.27842227378190254,False,92.8,ring
16,1,11,fixed_total,200,0.20258863252673043,99,Max Generations Reached,False,0.27842227378190254,False,92.8,ring
16,1,12,fixed_total,200,0.20845396641574984,99,Max Generations Reached,False,0.27842227378190254,False,92.8,ring
16,1,13,fixed_total,200,0.2434077079107505,99,Max Generations Reached,False,0.27842227378190254,False,92.8,ring
16,1,14,fixed_total,200,0.267260579064588,99,Max Generations Reached,False,0.27842227378190254,False,92.8,ring
16,1,15,fixed_total,200,0.23422251138581657,99,Max Generations Reached,False,0.27842227378190254,False,92.8,ring
16,2,0,fixed_total,200,0.1941747572815534,99,Max Generations Reached,False,0.29605263157894735,False,95.03,ring
16,2,1,fixed_total,200,0.1729106628242075,99,Max Generations Reached,False,0.29605263157894735,False,95.03,ring
16,2,2,fixed_total,200,0.1871101871101871,99,Max Generations Reached,False,0.29605263157894735,False,95.03,ring
16,2,3,fixed_total,200,0.24896265560165975,99,Max Generations Reached,False,0.29605263157894735,False,95.03,ring
16,2,4,fixed_total,200,0.16057091882247992,99,Max Generations Reached,False,0.29605263157894735,False,95.03,ring
16,2,5,fixed_total,200,0.23376623376623376,99,Max Generations Reached,False,0.29605263157894735,False,95.03,ring
16,2,6,fixed_total,200,0.25459688826025456,99,Max Generations Reached,False,0.29605263157894735,False,95.03,ring
16,2,7,fixed_total,200,0.18595041322314051,99,Max Generations Reached,False,0.29605263157894735,False,95.03,ring
16,2,8,fixed_total,200,0.27842227378190254,99,Max Generations Reached,False,0.29605263157894735,False,95.03,ring
16,2,9,fixed_total,200,0.17751479289940827,99,Max Generations Reached,False,0.29605263157894735,False,95.03,ring
16,2,10,fixed_total,200,0.20258863252673043,99,Max Generations Reached,False,0.29605263157894735,False,95.03,ring
16,2,11,fixed_total,200,0.20869565217391306,99,Max Generations Reached,False,0.29605263157894735,False,95.03,ring
16,2,12,fixed_total,200,0.2434077079107505,99,Max Generations Reached,False,0.29605263157894735,False,95.03,ring
16,2,13,fixed_total,200,0.17883755588673622,99,Max Generations Reached,False,0.29605263157894735,False,95.03,ring
16,2,14,fixed_total,200,0.21289178001182732,99,Max Generations Reached,False,0.29605263157894735,False,95.03,ring
16,2,15,fixed_total,200,0.29605263157894735,99,Max Generations Reached,False,0.29605263157894735,False,95.03,ring
16,3,0,fixed_total,200,0.18858040859088526,99,Max Generations Reached,False,0.27842227378190254,False,92.69,ring
16,3,1,fixed_total,200,0.20396600566572237,99,Max Generations Reached,False,0.27842227378190254,False,92.69,ring
16,3,2,fixed_total,200,0.22167487684729065,99,Max Generations Reached,False,0.27842227378190254,False,92.69,ring
16,3,3,fixed_total,200,0.1643835616438356,99,Max Generations Reached,False,0.27842227378190254,False,92.69,ring
16,3,4,fixed_total,200,0.20918070889018012,99,Max Generations Reached,False,0.27842227378190254,False,92.69,ring
16,3,5,fixed_total,200,0.25459688826025456,99,Max Generations Reached,False,0.27842227378190254,False,92.69,ring
16,3,6,fixed_total,200,0.23106546854942236,99,Max Generations Reached,False,0.27842227378190254,False,92.69,ring
16,3,7,fixed_total,200,0.27842227378190254,99,Max Generations Reached,False,0.27842227378190254,False,92.69,ring
16,3,8,fixed_total,200,0.17919362867098057,99,Max Generations Reached,False,0.27842227378190254,False,92.69,ring
16,3,9,fixed_total,200,0.21660649819494582,99,Max Generations Reached,False,0.27842227378190254,False,92.69,ring
16,3,10,fixed_total,200,0.1808136614766449,99,Max Generations Reached,False,0.27842227378190254,False,92.69,ring
16,3,11,fixed_total,200,0.2434077079107505,99,Max Generations Reached,False,0.27842227378190254,False,92.69,ring
16,3,12,fixed_total,200,0.17769002961500494,99,Max Generations Reached,False,0.27842227378190254,False,92.69,ring
16,3,13,fixed_total,200,0.22004889975550124,99,Max Generations Reached,False,0.27842227378190254,False,92.69,ring
16,3,14,fixed_total,200,0.2037351443123939,99,Max Generations Reached,False,0.27842227378190254,False,92.69,ring
16,3,15,fixed_total,200,0.25316455696202533,99,Max Generations Reached,False,0.27842227378190254,False,92.69,ring
16,4,0,fixed_total,200,0.19469983775013522,99,Max Generations Reached,False,0.32085561497326204,False,93.18,ring
16,4,1,fixed_total,200,0.32085561497326204,99,Max Generations Reached,False,0.32085561497326204,False,93.18,ring
16,4,2,fixed_total,200,0.17919362867098057,99,Max Generations Reached,False,0.32085561497326204,False,93.18,ring
16,4,3,fixed_total,200,0.19586507072905332,99,Max Generations Reached,False,0.32085561497326204,False,93.18,ring
16,4,4,fixed_total,200,0.25459688826025456,99,Max Generations Reached,False,0.32085561497326204,False,93.18,ring
16,4,5,fixed_total,200,0.24573378839590443,99,Max Generations Reached,False,0.32085561497326204,False,93.18,ring
16,4,6,fixed_total,200,0.27842227378190254,99,Max Generations Reached,False,0.32085561497326204,False,93.18,ring
16,4,7,fixed_total,200,0.19148936170212766,99,Max Generations Reached,False,0.32085561497326204,False,93.18,ring
16,4,8,fixed_total,200,0.20258863252673043,99,Max Generations Reached,False,0.32085561497326204,False,93.18,ring
16,4,9,fixed_total,200,0.21621621621621623,99,Max Generations Reached,False,0.32085561497326204,False,93.18,ring
16,4,10,fixed_total,200,0.2434077079107505,99,Max Generations Reached,False,0.32085561497326204,False,93.18,ring
16,4,11,fixed_total,200,0.267260579064588,99,Max Generations Reached,False,0.32085561497326204,False,93.18,ring
16,4,12,fixed_total,200,0.21289178001182732,99,Max Generations Reached,False,0.32085561497326204,False,93.18,ring
16,4,13,fixed_total,200,0.16136261766024204,99,Max Generations Reached,False,0.32085561497326204,False,93.18,ring
16,4,14,fixed_total,200,0.25316455696202533,99,Max Generations Reached,False,0.32085561497326204,False,93.18,ring
16,4,15,fixed_total,200,0.19148936170212766,99,Max Generations Reached,False,0.32085561497326204,False,93.18,ring
16,5,0,fixed_total,200,0.24275118004045848,99,Max Generations Reached,False,0.314410480349345,False,93.98,ring
16,5,1,fixed_total,200,0.19077901430842606,99,Max Generations Reached,False,0.314410480349345,False,93.98,ring
16,5,2,fixed_total,200,0.2575107296137339,99,Max Generations Reached,False,0.314410480349345,False,93.98,ring
16,5,3,fixed_total,200,0.314410480349345,99,Max Generations Reached,False,0.314410480349345,False,93.98,ring
16,5,4,fixed_total,200,0.20190689848569826,99,Max Generations Reached,False,0.314410480349345,False,93.98,ring
16,5,5,fixed_total,200,0.27842227378190254,99,Max Generations Reached,False,0.314410480349345,False,93.98,ring
16,5,6,fixed_total,200,0.17751479289940827,99,Max Generations Reached,False,0.314410480349345,False,93.98,ring
16,5,7,fixed_total,200,0.20258863252673043,99,Max Generations Reached,False,0.314410480349345,False,93.98,ring
16,5,8,fixed_total,200,0.18218623481781376,99,Max Generations Reached,False,0.314410480349345,False,93.98,ring
16,5,9,fixed_total,200,0.2434077079107505,99,Max Generations Reached,False,0.314410480349345,False,93.98,ring
16,5,10,fixed_total,200,0.267260579064588,99,Max Generations Reached,False,0.314410480349345,False,93.98,ring
16,5,11,fixed_total,200,0.22113022113022113,99,Max Generations Reached,False,0.314410480349345,False,93.98,ring
16,5,12,fixed_total,200,0.17569546120058566,99,Max Generations Reached,False,0.314410480349345,False,93.98,ring
16,5,13,fixed_total,200,0.25316455696202533,99,Max Generations Reached,False,0.314410480349345,False,93.98,ring
16,5,14,fixed_total,200,0.2512212142358688,99,Max Generations Reached,False,0.314410480349345,False,93.98,ring
16,5,15,fixed_total,200,0.22556390977443608,99,Max Generations Reached,False,0.314410480349345,False,93.98,ring
16,67,0,fixed_total,200,0.2385685884691849,99,Max Generations Reached,False,0.33240997229916897,False,91.55,ring
16,67,1,fixed_total,200,0.19427954668105774,99,Max Generations Reached,False,0.33240997229916897,False,91.55,ring
16,67,2,fixed_total,200,0.18537590113285274,99,Max Generations Reached,False,0.33240997229916897,False,91.55,ring
16,67,3,fixed_total,200,0.18701298701298702,99,Max Generations Reached,False,0.33240997229916897,False,91.55,ring
16,67,4,fixed_total,200,0.19271948608137043,99,Max Generations Reached,False,0.33240997229916897,False,91.55,ring
16,67,5,fixed_total,200,0.17061611374407584,99,Max Generations Reached,False,0.33240997229916897,False,91.55,ring
16,67,6,fixed_total,200,0.16566958122411413,99,Max Generations Reached,False,0.33240997229916897,False,91.55,ring
16,67,7,fixed_total,200,0.20654044750430292,99,Max Generations Reached,False,0.33240997229916897,False,91.55,ring
16,67,8,fixed_total,200,0.2873104549082203,99,Max Generations Reached,False,0.33240997229916897,False,91.55,ring
16,67,9,fixed_total,200,0.20179372197309417,99,Max Generations Reached,False,0.33240997229916897,False,91.55,ring
16,67,10,fixed_total,200,0.33240997229916897,99,Max Generations Reached,False,0.33240997229916897,False,91.55,ring
16,67,11,fixed_total,200,0.19344438473938744,99,Max Generations Reached,False,0.33240997229916897,False,91.55,ring
16,67,12,fixed_total,200,0.21556886227544908,99,Max Generations Reached,False,0.33240997229916897,False,91.55,ring
16,67,13,fixed_total,200,0.16311735387403717,99,Max Generations Reached,False,0.33240997229916897,False,91.55,ring
16,67,14,fixed_total,200,0.2450646698434309,99,Max Generations Reached,False,0.33240997229916897,False,91.55,ring
16,67,15,fixed_total,200,0.2107728337236534,99,Max Generations Reached,False,0.33240997229916897,False,91.55,ring
16,76,0,fixed_total,200,0.20179372197309417,99,Max Generations Reached,False,0.3177405119152692,False,94.47,ring
16,76,1,fixed_total,200,0.2002224694104561,99,Max Generations Reached,False,0.3177405119152692,False,94.47,ring
16,76,2,fixed_total,200,0.21428571428571427,99,Max Generations Reached,False,0.3177405119152692,False,94.47,ring
16,76,3,fixed_total,200,0.19607843137254904,99,Max Generations Reached,False,0.3177405119152692,False,94.47,ring
16,76,4,fixed_total,200,0.18404907975460125,99,Max Generations Reached,False,0.3177405119152692,False,94.47,ring
16,76,5,fixed_total,200,0.27692307692307694,99,Max Generations Reached,False,0.3177405119152692,False,94.47,ring
16,76,6,fixed_total,200,0.2107728337236534,99,Max Generations Reached,False,0.3177405119152692,False,94.47,ring
16,76,7,fixed_total,200,0.20501138952164008,99,Max Generations Reached,False,0.3177405119152692,False,94.47,ring
16,76,8,fixed_total,200,0.192102454642476,99,Max Generations Reached,False,0.3177405119152692,False,94.47,ring
16,76,9,fixed_total,200,0.2281368821292776,99,Max Generations Reached,False,0.3177405119152692,False,94.47,ring
16,76,10,fixed_total,200,0.2762854950115119,99,Max Generations Reached,False,0.3177405119152692,False,94.47,ring
16,76,11,fixed_total,200,0.2606806661839247,99,Max Generations Reached,False,0.3177405119152692,False,94.47,ring
16,76,12,fixed_total,200,0.192102454642476,99,Max Generations Reached,False,0.3177405119152692,False,94.47,ring
16,76,13,fixed_total,200,0.3177405119152692,99,Max Generations Reached,False,0.3177405119152692,False,94.47,ring
16,76,14,fixed_total,200,0.2877697841726618,99,Max Generations Reached,False,0.3177405119152692,False,94.47,ring
16,76,15,fixed_total,200,0.19988895058300943,99,Max Generations Reached,False,0.3177405119152692,False,94.47,ring
16,8,0,fixed_total,200,0.20055710306406688,99,Max Generations Reached,False,0.27842227378190254,False,94.43,ring
16,8,1,fixed_total,200,0.27565084226646247,99,Max Generations Reached,False,0.27842227378190254,False,94.43,ring
16,8,2,fixed_total,200,0.27842227378190254,99,Max Generations Reached,False,0.27842227378190254,False,94.43,ring
16,8,3,fixed_total,200,0.18117765475591344,99,Max Generations Reached,False,0.27842227378190254,False,94.43,ring
16,8,4,fixed_total,200,0.21251475796930347,99,Max Generations Reached,False,0.27842227378190254,False,94.43,ring
16,8,5,fixed_total,200,0.20845396641574984,99,Max Generations Reached,False,0.27842227378190254,False,94.43,ring
16,8,6,fixed_total,200,0.2434077079107505,99,Max Generations Reached,False,0.27842227378190254,False,94.43,ring
16,8,7,fixed_total,200,0.267260579064588,99,Max Generations Reached,False,0.27842227378190254,False,94.43,ring
16,8,8,fixed_total,200,0.23422251138581657,99,Max Generations Reached,False,0.27842227378190254,False,94.43,ring
16,8,9,fixed_total,200,0.1635620172648796,99,Max Generations Reached,False,0.27842227378190254,False,94.43,ring
16,8,10,fixed_total,200,0.25316455696202533,99,Max Generations Reached,False,0.27842227378190254,False,94.43,ring
16,8,11,fixed_total,200,0.20293122886133036,99,Max Generations Reached,False,0.27842227378190254,False,94.43,ring
16,8,12,fixed_total,200,0.22556390977443608,99,Max Generations Reached,False,0.27842227378190254,False,94.43,ring
16,8,13,fixed_total,200,0.1689347724073205,99,Max Generations Reached,False,0.27842227378190254,False,94.43,ring
16,8,14,fixed_total,200,0.2028169014084507,99,Max Generations Reached,False,0.27842227378190254,False,94.43,ring
16,8,15,fixed_total,200,0.19780219780219782,99,Max Generations Reached,False,0.27842227378190254,False,94.43,ring
16,9,0,fixed_total,200,0.23121387283236994,99,Max Generations Reached,False,0.28594122319301035,False,93.75,ring
16,9,1,fixed_total,200,0.27842227378190254,99,Max Generations Reached,False,0.28594122319301035,False,93.75,ring
16,9,2,fixed_total,200,0.26726057906458794,99,Max Generations Reached,False,0.28594122319301035,False,93.75,ring
16,9,3,fixed_total,200,0.20258863252673043,99,Max Generations Reached,False,0.28594122319301035,False,93.75,ring
16,9,4,fixed_total,200,0.28594122319301035,99,Max Generations Reached,False,0.28594122319301035,False,93.75,ring
16,9,5,fixed_total,200,0.2434077079107505,99,Max Generations Reached,False,0.28594122319301035,False,93.75,ring
16,9,6,fixed_total,200,0.267260579064588,99,Max Generations Reached,False,0.28594122319301035,False,93.75,ring
16,9,7,fixed_total,200,0.21289178001182732,99,Max Generations Reached,False,0.28594122319301035,False,93.75,ring
16,9,8,fixed_total,200,0.22613065326633164,99,Max Generations Reached,False,0.28594122319301035,False,93.75,ring
16,9,9,fixed_total,200,0.25316455696202533,99,Max Generations Reached,False,0.28594122319301035,False,93.75,ring
16,9,10,fixed_total,200,0.18036072144288579,99,Max Generations Reached,False,0.28594122319301035,False,93.75,ring
16,9,11,fixed_total,200,0.20089285714285715,99,Max Generations Reached,False,0.28594122319301035,False,93.75,ring
16,9,12,fixed_total,200,0.22181146025878007,99,Max Generations Reached,False,0.28594122319301035,False,93.75,ring
16,9,13,fixed_total,200,0.22332506203473945,99,Max Generations Reached,False,0.28594122319301035,False,93.75,ring
16,9,14,fixed_total,200,0.2315112540192926,99,Max Generations Reached,False,0.28594122319301035,False,93.75,ring
16,9,15,fixed_total,200,0.2531645569620253,99,Max Generations Reached,False,0.28594122319301035,False,93.75,ring
16,10,0,fixed_total,200,0.27842227378190254,99,Max Generations Reached,False,0.27842227378190254,False,95.47,ring
16,10,1,fixed_total,200,0.17928286852589642,99,Max Generations Reached,False,0.27842227378190254,False,95.47,ring
16,10,2,fixed_total,200,0.20258863252673043,99,Max Generations Reached,False,0.27842227378190254,False,95.47,ring
16,10,3,fixed_total,200,0.20713463751438435,99,Max Generations Reached,False,0.27842227378190254,False,95.47,ring
16,10,4,fixed_total,200,0.2434077079107505,99,Max Generations Reached,False,0.27842227378190254,False,95.47,ring
16,10,5,fixed_total,200,0.267260579064588,99,Max Generations Reached,False,0.27842227378190254,False,95.47,ring
16,10,6,fixed_total,200,0.23422251138581657,99,Max Generations Reached,False,0.27842227378190254,False,95.47,ring
16,10,7,fixed_total,200,0.193756727664155,99,Max Generations Reached,False,0.27842227378190254,False,95.47,ring
16,10,8,fixed_total,200,0.25316455696202533,99,Max Generations Reached,False,0.27842227378190254,False,95.47,ring
16,10,9,fixed_total,200,0.18036072144288579,99,Max Generations Reached,False,0.27842227378190254,False,95.47,ring
16,10,10,fixed_total,200,0.20089285714285715,99,Max Generations Reached,False,0.27842227378190254,False,95.47,ring
16,10,11,fixed_total,200,0.24776324845147968,99,Max Generations Reached,False,0.27842227378190254,False,95.47,ring
16,10,12,fixed_total,200,0.18701298701298702,99,Max Generations Reached,False,0.27842227378190254,False,95.47,ring
16,10,13,fixed_total,200,0.1755241345685032,99,Max Generations Reached,False,0.27842227378190254,False,95.47,ring
16,10,14,fixed_total,200,0.20338983050847456,99,Max Generations Reached,False,0.27842227378190254,False,95.47,ring
16,10,15,fixed_total,200,0.1493156366652841,99,Max Generations Reached,False,0.27842227378190254,False,95.47,ring
16,11,0,fixed_total,200,0.20918070889018014,99,Max Generations Reached,False,0.32697547683923706,False,92.35,ring
16,11,1,fixed_total,200,0.21052631578947367,99,Max Generations Reached,False,0.32697547683923706,False,92.35,ring
16,11,2,fixed_total,200,0.32697547683923706,99,Max Generations Reached,False,0.32697547683923706,False,92.35,ring
16,11,3,fixed_total,200,0.25843503230437903,99,Max Generations Reached,False,0.32697547683923706,False,92.35,ring
16,11,4,fixed_total,200,0.267260579064588,99,Max Generations Reached,False,0.32697547683923706,False,92.35,ring
16,11,5,fixed_total,200,0.21213906894519743,99,Max Generations Reached,False,0.32697547683923706,False,92.35,ring
16,11,6,fixed_total,200,0.19323671497584538,99,Max Generations Reached,False,0.32697547683923706,False,92.35,ring
16,11,7,fixed_total,200,0.25316455696202533,99,Max Generations Reached,False,0.32697547683923706,False,92.35,ring
16,11,8,fixed_total,200,0.21569802276812464,99,Max Generations Reached,False,0.32697547683923706,False,92.35,ring
16,11,9,fixed_total,200,0.22556390977443608,99,Max Generations Reached,False,0.32697547683923706,False,92.35,ring
16,11,10,fixed_total,200,0.1815431164901664,99,Max Generations Reached,False,0.32697547683923706,False,92.35,ring
16,11,11,fixed_total,200,0.17357762777242045,99,Max Generations Reached,False,0.32697547683923706,False,92.35,ring
16,11,12,fixed_total,200,0.20431328036322363,99,Max Generations Reached,False,0.32697547683923706,False,92.35,ring
16,11,13,fixed_total,200,0.20338983050847456,99,Max Generations Reached,False,0.32697547683923706,False,92.35,ring
16,11,14,fixed_total,200,0.17450315075133302,99,Max Generations Reached,False,0.32697547683923706,False,92.35,ring
16,11,15,fixed_total,200,0.2067777139574957,99,Max Generations Reached,False,0.32697547683923706,False,92.35,ring
16,12,0,fixed_total,200,0.29532403609515995,99,Max Generations Reached,False,0.29532403609515995,False,90.87,ring
16,12,1,fixed_total,200,0.22099447513812154,99,Max Generations Reached,False,0.29532403609515995,False,90.87,ring
16,12,2,fixed_total,200,0.2434077079107505,99,Max Generations Reached,False,0.29532403609515995,False,90.87,ring
16,12,3,fixed_total,200,0.267260579064588,99,Max Generations Reached,False,0.29532403609515995,False,90.87,ring
16,12,4,fixed_total,200,0.21289178001182732,99,Max Generations Reached,False,0.29532403609515995,False,90.87,ring
16,12,5,fixed_total,200,0.1724137931034483,99,Max Generations Reached,False,0.29532403609515995,False,90.87,ring
16,12,6,fixed_total,200,0.25316455696202533,99,Max Generations Reached,False,0.29532403609515995,False,90.87,ring
16,12,7,fixed_total,200,0.20033388981636058,99,Max Generations Reached,False,0.29532403609515995,False,90.87,ring
16,12,8,fixed_total,200,0.22556390977443608,99,Max Generations Reached,False,0.29532403609515995,False,90.87,ring
16,12,9,fixed_total,200,0.1689347724073205,99,Max Generations Reached,False,0.29532403609515995,False,90.87,ring
16,12,10,fixed_total,200,0.2028169014084507,99,Max Generations Reached,False,0.29532403609515995,False,90.87,ring
16,12,11,fixed_total,200,0.19780219780219782,99,Max Generations Reached,False,0.29532403609515995,False,90.87,ring
16,12,12,fixed_total,200,0.20338983050847456,99,Max Generations Reached,False,0.29532403609515995,False,90.87,ring
16,12,13,fixed_total,200,0.251924422673198,99,Max Generations Reached,False,0.29532403609515995,False,90.87,ring
16,12,14,fixed_total,200,0.19922523519645824,99,Max Generations Reached,False,0.29532403609515995,False,90.87,ring
16,12,15,fixed_total,200,0.1652892561983471,99,Max Generations Reached,False,0.29532403609515995,False,90.87,ring
16,13,0,fixed_total,200,0.23968042609853527,99,Max Generations Reached,False,0.267260579064588,False,92.54,ring
16,13,1,fixed_total,200,0.2434077079107505,99,Max Generations Reached,False,0.267260579064588,False,92.54,ring
16,13,2,fixed_total,200,0.267260579064588,99,Max Generations Reached,False,0.267260579064588,False,92.54,ring
16,13,3,fixed_total,200,0.22944550669216066,99,Max Generations Reached,False,0.267260579064588,False,92.54,ring
16,13,4,fixed_total,200,0.16136261766024204,99,Max Generations Reached,False,0.267260579064588,False,92.54,ring
16,13,5,fixed_total,200,0.20725388601036274,99,Max Generations Reached,False,0.267260579064588,False,92.54,ring
16,13,6,fixed_total,200,0.23166023166023167,99,Max Generations Reached,False,0.267260579064588,False,92.54,ring
16,13,7,fixed_total,200,0.20089285714285715,99,Max Generations Reached,False,0.267260579064588,False,92.54,ring
16,13,8,fixed_total,200,0.1689347724073205,99,Max Generations Reached,False,0.267260579064588,False,92.54,ring
16,13,9,fixed_total,200,0.2028169014084507,99,Max Generations Reached,False,0.267260579064588,False,92.54,ring
16,13,10,fixed_total,200,0.2414486921529175,99,Max Generations Reached,False,0.267260579064588,False,92.54,ring
16,13,11,fixed_total,200,0.20338983050847456,99,Max Generations Reached,False,0.267260579064588,False,92.54,ring
16,13,12,fixed_total,200,0.26200873362445415,99,Max Generations Reached,False,0.267260579064588,False,92.54,ring
16,13,13,fixed_total,200,0.19922523519645824,99,Max Generations Reached,False,0.267260579064588,False,92.54,ring
16,13,14,fixed_total,200,0.1992252351964582,99,Max Generations Reached,False,0.267260579064588,False,92.54,ring
16,13,15,fixed_total,200,0.18867924528301885,99,Max Generations Reached,False,0.267260579064588,False,92.54,ring
16,14,0,fixed_total,200,0.32286995515695066,99,Max Generations Reached,False,0.32286995515695066,False,91.65,ring
16,14,1,fixed_total,200,0.2297383535417996,99,Max Generations Reached,False,0.32286995515695066,False,91.65,ring
16,14,2,fixed_total,200,0.16997167138810199,99,Max Generations Reached,False,0.32286995515695066,False,91.65,ring
16,14,3,fixed_total,200,0.20350480497456194,99,Max Generations Reached,False,0.32286995515695066,False,91.65,ring
16,14,4,fixed_total,200,0.23984010659560295,99,Max Generations Reached,False,0.32286995515695066,False,91.65,ring
16,14,5,fixed_total,200,0.18036072144288579,99,Max Generations Reached,False,0.32286995515695066,False,91.65,ring
16,14,6,fixed_total,200,0.22556390977443608,99,Max Generations Reached,False,0.32286995515695066,False,91.65,ring
16,14,7,fixed_total,200,0.1689347724073205,99,Max Generations Reached,False,0.32286995515695066,False,91.65,ring
16,14,8,fixed_total,200,0.2028169014084507,99,Max Generations Reached,False,0.32286995515695066,False,91.65,ring
16,14,9,fixed_total,200,0.1754385964912281,99,Max Generations Reached,False,0.32286995515695066,False,91.65,ring
16,14,10,fixed_total,200,0.20338983050847456,99,Max Generations Reached,False,0.32286995515695066,False,91.65,ring
16,14,11,fixed_total,200,0.19491066594477532,99,Max Generations Reached,False,0.32286995515695066,False,91.65,ring
16,14,12,fixed_total,200,0.19922523519645824,99,Max Generations Reached,False,0.32286995515695066,False,91.65,ring
16,14,13,fixed_total,200,0.17578125,99,Max Generations Reached,False,0.32286995515695066,False,91.65,ring
16,14,14,fixed_total,200,0.1869158878504673,99,Max Generations Reached,False,0.32286995515695066,False,91.65,ring
16,14,15,fixed_total,200,0.23225806451612904,99,Max Generations Reached,False,0.32286995515695066,False,91.65,ring
16,15,0,fixed_total,200,0.16129032258064516,99,Max Generations Reached,False,0.3053435114503817,False,91.25,ring
16,15,1,fixed_total,200,0.17332691381800674,99,Max Generations Reached,False,0.3053435114503817,False,91.25,ring
16,15,2,fixed_total,200,0.22429906542056072,99,Max Generations Reached,False,0.3053435114503817,False,91.25,ring
16,15,3,fixed_total,200,0.25316455696202533,99,Max Generations Reached,False,0.3053435114503817,False,91.25,ring
16,15,4,fixed_total,200,0.3053435114503817,99,Max Generations Reached,False,0.3053435114503817,False,91.25,ring
16,15,5,fixed_total,200,0.2136498516320475,99,Max Generations Reached,False,0.3053435114503817,False,91.25,ring
16,15,6,fixed_total,200,0.1689347724073205,99,Max Generations Reached,False,0.3053435114503817,False,91.25,ring
16,15,7,fixed_total,200,0.20594965675057206,99,Max Generations Reached,False,0.3053435114503817,False,91.25,ring
16,15,8,fixed_total,200,0.1755241345685032,99,Max Generations Reached,False,0.3053435114503817,False,91.25,ring
16,15,9,fixed_total,200,0.20338983050847456,99,Max Generations Reached,False,0.3053435114503817,False,91.25,ring
16,15,10,fixed_total,200,0.1493156366652841,99,Max Generations Reached,False,0.3053435114503817,False,91.25,ring
16,15,11,fixed_total,200,0.19922523519645824,99,Max Generations Reached,False,0.3053435114503817,False,91.25,ring
16,15,12,fixed_total,200,0.15978695073235688,99,Max Generations Reached,False,0.3053435114503817,False,91.25,ring
16,15,13,fixed_total,200,0.18348623853211007,99,Max Generations Reached,False,0.3053435114503817,False,91.25,ring
16,15,14,fixed_total,200,0.2604920405209841,99,Max Generations Reached,False,0.3053435114503817,False,91.25,ring
16,15,15,fixed_total,200,0.2085747392815759,99,Max Generations Reached,False,0.3053435114503817,False,91.25,ring
16,16,0,fixed_total,200,0.24590163934426232,99,Max Generations Reached,False,0.2604920405209841,False,93.11,ring
16,16,1,fixed_total,200,0.22556390977443608,99,Max Generations Reached,False,0.2604920405209841,False,93.11,ring
16,16,2,fixed_total,200,0.25316455696202533,99,Max Generations Reached,False,0.2604920405209841,False,93.11,ring
16,16,3,fixed_total,200,0.1951219512195122,99,Max Generations Reached,False,0.2604920405209841,False,93.11,ring
16,16,4,fixed_total,200,0.20089285714285715,99,Max Generations Reached,False,0.2604920405209841,False,93.11,ring
16,16,5,fixed_total,200,0.1689347724073205,99,Max Generations Reached,False,0.2604920405209841,False,93.11,ring
16,16,6,fixed_total,200,0.2028169014084507,99,Max Generations Reached,False,0.2604920405209841,False,93.11,ring
16,16,7,fixed_total,200,0.2315112540192926,99,Max Generations Reached,False,0.2604920405209841,False,93.11,ring
16,16,8,fixed_total,200,0.20338983050847456,99,Max Generations Reached,False,0.2604920405209841,False,93.11,ring
16,16,9,fixed_total,200,0.16973125884016974,99,Max Generations Reached,False,0.2604920405209841,False,93.11,ring
16,16,10,fixed_total,200,0.19922523519645824,99,Max Generations Reached,False,0.2604920405209841,False,93.11,ring
16,16,11,fixed_total,200,0.162748643761302,99,Max Generations Reached,False,0.2604920405209841,False,93.11,ring
16,16,12,fixed_total,200,0.21289178001182732,99,Max Generations Reached,False,0.2604920405209841,False,93.11,ring
16,16,13,fixed_total,200,0.2604920405209841,99,Max Generations Reached,False,0.2604920405209841,False,93.11,ring
16,16,14,fixed_total,200,0.21466905187835422,99,Max Generations Reached,False,0.2604920405209841,False,93.11,ring
16,16,15,fixed_total,200,0.23762376237623759,99,Max Generations Reached,False,0.2604920405209841,False,93.11,ring
16,17,0,fixed_total,200,0.20630372492836677,99,Max Generations Reached,False,0.28962188254223653,False,92.84,ring
16,17,1,fixed_total,200,0.25316455696202533,99,Max Generations Reached,False,0.28962188254223653,False,92.84,ring
16,17,2,fixed_total,200,0.22929936305732487,99,Max Generations Reached,False,0.28962188254223653,False,92.84,ring
16,17,3,fixed_total,200,0.22556390977443608,99,Max Generations Reached,False,0.28962188254223653,False,92.84,ring
16,17,4,fixed_total,200,0.20606754436176303,99,Max Generations Reached,False,0.28962188254223653,False,92.84,ring
16,17,5,fixed_total,200,0.24793388429752067,99,Max Generations Reached,False,0.28962188254223653,False,92.84,ring
16,17,6,fixed_total,200,0.19780219780219782,99,Max Generations Reached,False,0.28962188254223653,False,92.84,ring
16,17,7,fixed_total,200,0.28962188254223653,99,Max Generations Reached,False,0.28962188254223653,False,92.84,ring
16,17,8,fixed_total,200,0.19138755980861244,99,Max Generations Reached,False,0.28962188254223653,False,92.84,ring
16,17,9,fixed_total,200,0.19922523519645824,99,Max Generations Reached,False,0.28962188254223653,False,92.84,ring
16,17,10,fixed_total,200,0.17005196032120923,99,Max Generations Reached,False,0.28962188254223653,False,92.84,ring
16,17,11,fixed_total,200,0.20179372197309417,99,Max Generations Reached,False,0.28962188254223653,False,92.84,ring
16,17,12,fixed_total,200,0.2604920405209841,99,Max Generations Reached,False,0.28962188254223653,False,92.84,ring
16,17,13,fixed_total,200,0.23872679045092837,99,Max Generations Reached,False,0.28962188254223653,False,92.84,ring
16,17,14,fixed_total,200,0.23762376237623759,99,Max Generations Reached,False,0.28962188254223653,False,92.84,ring
16,17,15,fixed_total,200,0.25459688826025456,99,Max Generations Reached,False,0.28962188254223653,False,92.84,ring
16,18,0,fixed_total,200,0.1654411764705882,99,Max Generations Reached,False,0.24439918533604887,False,91.72,ring
16,18,1,fixed_total,200,0.23091725465041693,99,Max Generations Reached,False,0.24439918533604887,False,91.72,ring
16,18,2,fixed_total,200,0.22556390977443608,99,Max Generations Reached,False,0.24439918533604887,False,91.72,ring
16,18,3,fixed_total,200,0.23746701846965704,99,Max Generations Reached,False,0.24439918533604887,False,91.72,ring
16,18,4,fixed_total,200,0.2028169014084507,99,Max Generations Reached,False,0.24439918533604887,False,91.72,ring
16,18,5,fixed_total,200,0.23376623376623373,99,Max Generations Reached,False,0.24439918533604887,False,91.72,ring
16,18,6,fixed_total,200,0.24439918533604887,99,Max Generations Reached,False,0.24439918533604887,False,91.72,ring
16,18,7,fixed_total,200,0.16566958122411413,99,Max Generations Reached,False,0.24439918533604887,False,91.72,ring
16,18,8,fixed_total,200,0.19922523519645824,99,Max Generations Reached,False,0.24439918533604887,False,91.72,ring
16,18,9,fixed_total,200,0.17316017316017318,99,Max Generations Reached,False,0.24439918533604887,False,91.72,ring
16,18,10,fixed_total,200,0.21327014218009482,99,Max Generations Reached,False,0.24439918533604887,False,91.72,ring
16,18,11,fixed_total,200,0.2366863905325444,99,Max Generations Reached,False,0.24439918533604887,False,91.72,ring
16,18,12,fixed_total,200,0.21040327293980127,99,Max Generations Reached,False,0.24439918533604887,False,91.72,ring
16,18,13,fixed_total,200,0.23762376237623759,99,Max Generations Reached,False,0.24439918533604887,False,91.72,ring
16,18,14,fixed_total,200,0.22670025188916876,99,Max Generations Reached,False,0.24439918533604887,False,91.72,ring
16,18,15,fixed_total,200,0.2173913043478261,99,Max Generations Reached,False,0.24439918533604887,False,91.72,ring
16,19,0,fixed_total,200,0.24879060124395302,99,Max Generations Reached,False,0.30456852791878175,False,93.65,ring
16,19,1,fixed_total,200,0.20089285714285715,99,Max Generations Reached,False,0.30456852791878175,False,93.65,ring
16,19,2,fixed_total,200,0.1963993453355156,99,Max Generations Reached,False,0.30456852791878175,False,93.65,ring
16,19,3,fixed_total,200,0.25369978858350956,99,Max Generations Reached,False,0.30456852791878175,False,93.65,ring
16,19,4,fixed_total,200,0.21791767554479421,99,Max Generations Reached,False,0.30456852791878175,False,93.65,ring
16,19,5,fixed_total,200,0.24439918533604887,99,Max Generations Reached,False,0.30456852791878175,False,93.65,ring
16,19,6,fixed_total,200,0.17416545718432513,99,Max Generations Reached,False,0.30456852791878175,False,93.65,ring
16,19,7,fixed_total,200,0.19922523519645824,99,Max Generations Reached,False,0.30456852791878175,False,93.65,ring
16,19,8,fixed_total,200,0.1769041769041769,99,Max Generations Reached,False,0.30456852791878175,False,93.65,ring
16,19,9,fixed_total,200,0.1900739176346357,99,Max Generations Reached,False,0.30456852791878175,False,93.65,ring
16,19,10,fixed_total,200,0.17955112219451375,99,Max Generations Reached,False,0.30456852791878175,False,93.65,ring
16,19,11,fixed_total,200,0.21040327293980127,99,Max Generations Reached,False,0.30456852791878175,False,93.65,ring
16,19,12,fixed_total,200,0.30456852791878175,99,Max Generations Reached,False,0.30456852791878175,False,93.65,ring
16,19,13,fixed_total,200,0.22670025188916876,99,Max Generations Reached,False,0.30456852791878175,False,93.65,ring
16,19,14,fixed_total,200,0.2173913043478261,99,Max Generations Reached,False,0.30456852791878175,False,93.65,ring
16,19,15,fixed_total,200,0.17673048600883653,99,Max Generations Reached,False,0.30456852791878175,False,93.65,ring
16,20,0,fixed_total,200,0.20089285714285715,99,Max Generations Reached,False,0.3643724696356275,False,91.87,ring
16,20,1,fixed_total,200,0.2455661664392906,99,Max Generations Reached,False,0.3643724696356275,False,91.87,ring
16,20,2,fixed_total,200,0.17357762777242045,99,Max Generations Reached,False,0.3643724696356275,False,91.87,ring
16,20,3,fixed_total,200,0.277992277992278,99,Max Generations Reached,False,0.3643724696356275,False,91.87,ring
16,20,4,fixed_total,200,0.20338983050847456,99,Max Generations Reached,False,0.3643724696356275,False,91.87,ring
16,20,5,fixed_total,200,0.19469983775013522,99,Max Generations Reached,False,0.3643724696356275,False,91.87,ring
16,20,6,fixed_total,200,0.3643724696356275,99,Max Generations Reached,False,0.3643724696356275,False,91.87,ring
16,20,7,fixed_total,200,0.16917293233082709,99,Max Generations Reached,False,0.3643724696356275,False,91.87,ring
16,20,8,fixed_total,200,0.21139166177334115,99,Max Generations Reached,False,0.3643724696356275,False,91.87,ring
16,20,9,fixed_total,200,0.2604920405209841,99,Max Generations Reached,False,0.3643724696356275,False,91.87,ring
16,20,10,fixed_total,200,0.23872679045092837,99,Max Generations Reached,False,0.3643724696356275,False,91.87,ring
16,20,11,fixed_total,200,0.33271719038817005,99,Max Generations Reached,False,0.3643724696356275,False,91.87,ring
16,20,12,fixed_total,200,0.22670025188916876,99,Max Generations Reached,False,0.3643724696356275,False,91.87,ring
16,20,13,fixed_total,200,0.18818609513852586,99,Max Generations Reached,False,0.3643724696356275,False,91.87,ring
16,20,14,fixed_total,200,0.17673048600883653,99,Max Generations Reached,False,0.3643724696356275,False,91.87,ring
16,20,15,fixed_total,200,0.19148936170212766,99,Max Generations Reached,False,0.3643724696356275,False,91.87,ring
