num_islands,base_seed,island_id,population_mode,pop_per_island,best_fitness,generations,status,solved,config_best_fitness,config_solved,wall_clock_seconds
1,3,0,fixed_total,3200,0.8518518518518521,99,Max Generations Reached,False,0.8518518518518521,False,206.36
1,67,0,fixed_total,3200,0.8518518518518521,99,Max Generations Reached,False,0.8518518518518521,False,214.89
1,9,0,fixed_total,3200,0.8518518518518521,99,Max Generations Reached,False,0.8518518518518521,False,210.13
1,12,0,fixed_total,3200,0.8518518518518521,99,Max Generations Reached,False,0.8518518518518521,False,208.85
1,15,0,fixed_total,3200,0.8518518518518521,99,Max Generations Reached,False,0.8518518518518521,False,208.73
2,3,0,fixed_total,1600,0.8518518518518521,99,Max Generations Reached,False,0.8518518518518521,False,215.18
2,3,1,fixed_total,1600,0.8518518518518521,99,Max Generations Reached,False,0.8518518518518521,False,215.18
2,67,0,fixed_total,1600,0.8518518518518521,99,Max Generations Reached,False,0.8518518518518521,False,211.19
2,67,1,fixed_total,1600,0.8518518518518521,99,Max Generations Reached,False,0.8518518518518521,False,211.19
2,9,0,fixed_total,1600,0.8518518518518521,99,Max Generations Reached,False,0.8518518518518521,False,202.27
2,9,1,fixed_total,1600,0.8518518518518521,99,Max Generations Reached,False,0.8518518518518521,False,202.27
2,12,0,fixed_total,1600,0.8518518518518521,99,Max Generations Reached,False,0.8518518518518521,False,202.54
2,12,1,fixed_total,1600,0.8518518518518521,99,Max Generations Reached,False,0.8518518518518521,False,202.54
2,15,0,fixed_total,1600,0.8518518518518521,99,Max Generations Reached,False,0.8518518518518521,False,213.79
2,15,1,fixed_total,1600,0.8518518518518521,99,Max Generations Reached,False,0.8518518518518521,False,213.79
4,3,0,fixed_total,800,0.8518518518518521,20,Stopped - Another Island Solved,False,1.0,True,37.81
4,3,1,fixed_total,800,1.0,19,Solution Found,True,1.0,True,37.81
4,3,2,fixed_total,800,0.6296296296296297,20,Stopped - Another Island Solved,False,1.0,True,37.81
4,3,3,fixed_total,800,0.5994513031550068,20,Stopped - Another Island Solved,False,1.0,True,37.81
4,67,0,fixed_total,800,0.8518518518518521,40,Stopped - Another Island Solved,False,1.0,True,58.65
4,67,1,fixed_total,800,1.0,28,Solution Found,True,1.0,True,58.65
4,67,2,fixed_total,800,0.8518518518518521,30,Stopped - Another Island Solved,False,1.0,True,58.65
4,67,3,fixed_total,800,0.8518518518518521,30,Stopped - Another Island Solved,False,1.0,True,58.65
4,9,0,fixed_total,800,0.8518518518518521,99,Max Generations Reached,False,0.8518518518518521,False,184.85
4,9,1,fixed_total,800,0.8518518518518521,99,Max Generations Reached,False,0.8518518518518521,False,184.85
4,9,2,fixed_total,800,0.8518518518518521,99,Max Generations Reached,False,0.8518518518518521,False,184.85
4,9,3,fixed_total,800,0.8518518518518521,99,Max Generations Reached,False,0.8518518518518521,False,184.85
4,12,0,fixed_total,800,0.8518518518518521,40,Stopped - Another Island Solved,False,1.0,True,60.18
4,12,1,fixed_total,800,1.0,30,Solution Found,True,1.0,True,60.18
4,12,2,fixed_total,800,0.5473251028806585,30,Stopped - Another Island Solved,False,1.0,True,60.18
4,12,3,fixed_total,800,0.7037037037037038,30,Stopped - Another Island Solved,False,1.0,True,60.18
4,15,0,fixed_total,800,0.8518518518518521,99,Max Generations Reached,False,0.8518518518518521,False,186.91
4,15,1,fixed_total,800,0.8518518518518521,99,Max Generations Reached,False,0.8518518518518521,False,186.91
4,15,2,fixed_total,800,0.8518518518518521,99,Max Generations Reached,False,0.8518518518518521,False,186.91
4,15,3,fixed_total,800,0.8518518518518521,99,Max Generations Reached,False,0.8518518518518521,False,186.91
8,3,0,fixed_total,400,0.8518518518518521,40,Stopped - Another Island Solved,False,1.0,True,51.64
8,3,1,fixed_total,400,0.8518518518518521,30,Stopped - Another Island Solved,False,1.0,True,51.64
8,3,2,fixed_total,400,0.8518518518518521,40,Stopped - Another Island Solved,False,1.0,True,51.64
8,3,3,fixed_total,400,0.5994513031550067,30,Stopped - Another Island Solved,False,1.0,True,51.64
8,3,4,fixed_total,400,0.7037037037037038,30,Stopped - Another Island Solved,False,1.0,True,51.64
8,3,5,fixed_total,400,0.8518518518518521,40,Stopped - Another Island Solved,False,1.0,True,51.64
8,3,6,fixed_total,400,1.0,23,Solution Found,True,1.0,True,51.64
8,3,7,fixed_total,400,0.8518518518518521,30,Stopped - Another Island Solved,False,1.0,True,51.64
8,67,0,fixed_total,400,1.0,25,Solution Found,True,1.0,True,53.37
8,67,1,fixed_total,400,0.8518518518518521,40,Stopped - Another Island Solved,False,1.0,True,53.37
8,67,2,fixed_total,400,0.8518518518518521,40,Stopped - Another Island Solved,False,1.0,True,53.37
8,67,3,fixed_total,400,0.8518518518518521,30,Stopped - Another Island Solved,False,1.0,True,53.37
8,67,4,fixed_total,400,0.8518518518518521,30,Stopped - Another Island Solved,False,1.0,True,53.37
8,67,5,fixed_total,400,0.8518518518518521,40,Stopped - Another Island Solved,False,1.0,True,53.37
8,67,6,fixed_total,400,1.0,27,Solution Found,True,1.0,True,53.37
8,67,7,fixed_total,400,0.8518518518518521,30,Stopped - Another Island Solved,False,1.0,True,53.37
8,9,0,fixed_total,400,0.8518518518518521,99,Max Generations Reached,False,0.8518518518518521,False,152.28
8,9,1,fixed_total,400,0.8518518518518521,99,Max Generations Reached,False,0.8518518518518521,False,152.28
8,9,2,fixed_total,400,0.8518518518518521,99,Max Generations Reached,False,0.8518518518518521,False,152.28
8,9,3,fixed_total,400,0.8518518518518521,99,Max Generations Reached,False,0.8518518518518521,False,152.28
8,9,4,fixed_total,400,0.8518518518518521,99,Max Generations Reached,False,0.8518518518518521,False,152.28
8,9,5,fixed_total,400,0.8518518518518521,99,Max Generations Reached,False,0.8518518518518521,False,152.28
8,9,6,fixed_total,400,0.8518518518518521,99,Max Generations Reached,False,0.8518518518518521,False,152.28
8,9,7,fixed_total,400,0.8518518518518521,99,Max Generations Reached,False,0.8518518518518521,False,152.28
8,12,0,fixed_total,400,0.8518518518518521,99,Max Generations Reached,False,0.8518518518518521,False,151.78
8,12,1,fixed_total,400,0.8518518518518521,99,Max Generations Reached,False,0.8518518518518521,False,151.78
8,12,2,fixed_total,400,0.8518518518518521,99,Max Generations Reached,False,0.8518518518518521,False,151.78
8,12,3,fixed_total,400,0.8518518518518521,99,Max Generations Reached,False,0.8518518518518521,False,151.78
8,12,4,fixed_total,400,0.8518518518518521,99,Max Generations Reached,False,0.8518518518518521,False,151.78
8,12,5,fixed_total,400,0.8518518518518521,99,Max Generations Reached,False,0.8518518518518521,False,151.78
8,12,6,fixed_total,400,0.8518518518518521,99,Max Generations Reached,False,0.8518518518518521,False,151.78
8,12,7,fixed_total,400,0.8518518518518521,99,Max Generations Reached,False,0.8518518518518521,False,151.78
8,15,0,fixed_total,400,0.8518518518518521,40,Stopped - Another Island Solved,False,1.0,True,55.38
8,15,1,fixed_total,400,0.8518518518518521,40,Stopped - Another Island Solved,False,1.0,True,55.38
8,15,2,fixed_total,400,0.8518518518518521,40,Stopped - Another Island Solved,False,1.0,True,55.38
8,15,3,fixed_total,400,0.8518518518518521,30,Stopped - Another Island Solved,False,1.0,True,55.38
8,15,4,fixed_total,400,0.5994513031550068,40,Stopped - Another Island Solved,False,1.0,True,55.38
8,15,5,fixed_total,400,0.6049382716049385,30,Stopped - Another Island Solved,False,1.0,True,55.38
8,15,6,fixed_total,400,0.8518518518518521,30,Stopped - Another Island Solved,False,1.0,True,55.38
8,15,7,fixed_total,400,1.0,26,Solution Found,True,1.0,True,55.38
16,3,0,fixed_total,200,0.7037037037037036,40,Stopped - Another Island Solved,False,1.0,True,72.61
16,3,1,fixed_total,200,0.7037037037037036,50,Stopped - Another Island Solved,False,1.0,True,72.61
16,3,2,fixed_total,200,0.7037037037037036,50,Stopped - Another Island Solved,False,1.0,True,72.61
16,3,3,fixed_total,200,0.7777777777777779,60,Stopped - Another Island Solved,False,1.0,True,72.61
16,3,4,fixed_total,200,0.8518518518518521,50,Stopped - Another Island Solved,False,1.0,True,72.61
16,3,5,fixed_total,200,1.0,44,Solution Found,True,1.0,True,72.61
16,3,6,fixed_total,200,0.8518518518518521,50,Stopped - Another Island Solved,False,1.0,True,72.61
16,3,7,fixed_total,200,0.7037037037037038,50,Stopped - Another Island Solved,False,1.0,True,72.61
16,3,8,fixed_total,200,0.7037037037037038,50,Stopped - Another Island Solved,False,1.0,True,72.61
16,3,9,fixed_total,200,0.8518518518518521,50,Stopped - Another Island Solved,False,1.0,True,72.61
16,3,10,fixed_total,200,0.8518518518518521,50,Stopped - Another Island Solved,False,1.0,True,72.61
16,3,11,fixed_total,200,0.7256515775034293,50,Stopped - Another Island Solved,False,1.0,True,72.61
16,3,12,fixed_total,200,0.7256515775034293,50,Stopped - Another Island Solved,False,1.0,True,72.61
16,3,13,fixed_total,200,0.8518518518518521,40,Stopped - Another Island Solved,False,1.0,True,72.61
16,3,14,fixed_total,200,0.8518518518518521,50,Stopped - Another Island Solved,False,1.0,True,72.61
16,3,15,fixed_total,200,0.8518518518518521,50,Stopped - Another Island Solved,False,1.0,True,72.61
16,67,0,fixed_total,200,0.6625514403292182,60,Stopped - Another Island Solved,False,1.0,True,93.48
16,67,1,fixed_total,200,0.6625514403292182,60,Stopped - Another Island Solved,False,1.0,True,93.48
16,67,2,fixed_total,200,1.0,59,Solution Found,True,1.0,True,93.48
16,67,3,fixed_total,200,0.8518518518518521,70,Stopped - Another Island Solved,False,1.0,True,93.48
16,67,4,fixed_total,200,0.8518518518518521,60,Stopped - Another Island Solved,False,1.0,True,93.48
16,67,5,fixed_total,200,0.8518518518518521,70,Stopped - Another Island Solved,False,1.0,True,93.48
16,67,6,fixed_total,200,0.8518518518518521,70,Stopped - Another Island Solved,False,1.0,True,93.48
16,67,7,fixed_total,200,0.8518518518518521,70,Stopped - Another Island Solved,False,1.0,True,93.48
16,67,8,fixed_total,200,0.8518518518518521,60,Stopped - Another Island Solved,False,1.0,True,93.48
16,67,9,fixed_total,200,0.8518518518518521,60,Stopped - Another Island Solved,False,1.0,True,93.48
16,67,10,fixed_total,200,0.7777777777777779,70,Stopped - Another Island Solved,False,1.0,True,93.48
16,67,11,fixed_total,200,0.8518518518518521,70,Stopped - Another Island Solved,False,1.0,True,93.48
16,67,12,fixed_total,200,0.8518518518518521,70,Stopped - Another Island Solved,False,1.0,True,93.48
16,67,13,fixed_total,200,0.7256515775034293,70,Stopped - Another Island Solved,False,1.0,True,93.48
16,67,14,fixed_total,200,0.7256515775034293,60,Stopped - Another Island Solved,False,1.0,True,93.48
16,67,15,fixed_total,200,0.7256515775034293,70,Stopped - Another Island Solved,False,1.0,True,93.48
16,9,0,fixed_total,200,0.7777777777777781,99,Max Generations Reached,False,0.8518518518518521,False,143.14
16,9,1,fixed_total,200,0.8518518518518521,99,Max Generations Reached,False,0.8518518518518521,False,143.14
16,9,2,fixed_total,200,0.8518518518518521,99,Max Generations Reached,False,0.8518518518518521,False,143.14
16,9,3,fixed_total,200,0.8518518518518521,99,Max Generations Reached,False,0.8518518518518521,False,143.14
16,9,4,fixed_total,200,0.8518518518518521,99,Max Generations Reached,False,0.8518518518518521,False,143.14
16,9,5,fixed_total,200,0.8518518518518521,99,Max Generations Reached,False,0.8518518518518521,False,143.14
16,9,6,fixed_total,200,0.7256515775034293,99,Max Generations Reached,False,0.8518518518518521,False,143.14
16,9,7,fixed_total,200,0.8518518518518521,99,Max Generations Reached,False,0.8518518518518521,False,143.14
16,9,8,fixed_total,200,0.8518518518518521,99,Max Generations Reached,False,0.8518518518518521,False,143.14
16,9,9,fixed_total,200,0.8518518518518521,99,Max Generations Reached,False,0.8518518518518521,False,143.14
16,9,10,fixed_total,200,0.8518518518518521,99,Max Generations Reached,False,0.8518518518518521,False,143.14
16,9,11,fixed_total,200,0.8518518518518521,99,Max Generations Reached,False,0.8518518518518521,False,143.14
16,9,12,fixed_total,200,0.8518518518518521,99,Max Generations Reached,False,0.8518518518518521,False,143.14
16,9,13,fixed_total,200,0.8518518518518521,99,Max Generations Reached,False,0.8518518518518521,False,143.14
16,9,14,fixed_total,200,0.8518518518518521,99,Max Generations Reached,False,0.8518518518518521,False,143.14
16,9,15,fixed_total,200,0.8518518518518521,99,Max Generations Reached,False,0.8518518518518521,False,143.14
16,12,0,fixed_total,200,0.8518518518518521,99,Max Generations Reached,False,0.8518518518518521,False,149.67
16,12,1,fixed_total,200,0.8518518518518521,99,Max Generations Reached,False,0.8518518518518521,False,149.67
16,12,2,fixed_total,200,0.8518518518518521,99,Max Generations Reached,False,0.8518518518518521,False,149.67
16,12,3,fixed_total,200,0.7256515775034293,99,Max Generations Reached,False,0.8518518518518521,False,149.67
16,12,4,fixed_total,200,0.7256515775034293,99,Max Generations Reached,False,0.8518518518518521,False,149.67
16,12,5,fixed_total,200,0.8518518518518521,99,Max Generations Reached,False,0.8518518518518521,False,149.67
16,12,6,fixed_total,200,0.8518518518518521,99,Max Generations Reached,False,0.8518518518518521,False,149.67
16,12,7,fixed_total,200,0.8518518518518521,99,Max Generations Reached,False,0.8518518518518521,False,149.67
16,12,8,fixed_total,200,0.8518518518518521,99,Max Generations Reached,False,0.8518518518518521,False,149.67
16,12,9,fixed_total,200,0.8518518518518521,99,Max Generations Reached,False,0.8518518518518521,False,149.67
16,12,10,fixed_total,200,0.8518518518518521,99,Max Generations Reached,False,0.8518518518518521,False,149.67
16,12,11,fixed_total,200,0.8518518518518521,99,Max Generations Reached,False,0.8518518518518521,False,149.67
16,12,12,fixed_total,200,0.8518518518518521,99,Max Generations Reached,False,0.8518518518518521,False,149.67
16,12,13,fixed_total,200,0.8518518518518521,99,Max Generations Reached,False,0.8518518518518521,False,149.67
16,12,14,fixed_total,200,0.8518518518518521,99,Max Generations Reached,False,0.8518518518518521,False,149.67
16,12,15,fixed_total,200,0.8518518518518521,99,Max Generations Reached,False,0.8518518518518521,False,149.67
16,15,0,fixed_total,200,0.8518518518518521,40,Stopped - Another Island Solved,False,1.0,True,65.94
16,15,1,fixed_total,200,0.8518518518518521,40,Stopped - Another Island Solved,False,1.0,True,65.94
16,15,2,fixed_total,200,0.8518518518518521,40,Stopped - Another Island Solved,False,1.0,True,65.94
16,15,3,fixed_total,200,0.8518518518518521,50,Stopped - Another Island Solved,False,1.0,True,65.94
16,15,4,fixed_total,200,0.7256515775034293,40,Stopped - Another Island Solved,False,1.0,True,65.94
16,15,5,fixed_total,200,0.7256515775034293,50,Stopped - Another Island Solved,False,1.0,True,65.94
16,15,6,fixed_total,200,0.7256515775034293,40,Stopped - Another Island Solved,False,1.0,True,65.94
16,15,7,fixed_total,200,0.8518518518518521,50,Stopped - Another Island Solved,False,1.0,True,65.94
16,15,8,fixed_total,200,0.8518518518518521,40,Stopped - Another Island Solved,False,1.0,True,65.94
16,15,9,fixed_total,200,0.8518518518518521,40,Stopped - Another Island Solved,False,1.0,True,65.94
16,15,10,fixed_total,200,0.8518518518518521,50,Stopped - Another Island Solved,False,1.0,True,65.94
16,15,11,fixed_total,200,0.7777777777777781,50,Stopped - Another Island Solved,False,1.0,True,65.94
16,15,12,fixed_total,200,1.0,31,Solution Found,True,1.0,True,65.94
16,15,13,fixed_total,200,0.8518518518518521,50,Stopped - Another Island Solved,False,1.0,True,65.94
16,15,14,fixed_total,200,0.7777777777777781,40,Stopped - Another Island Solved,False,1.0,True,65.94
16,15,15,fixed_total,200,0.8518518518518521,50,Stopped - Another Island Solved,False,1.0,True,65.94
